Séance;Ticker;Ouverture;Plus Haut;Plus Bas;Clôture;Titres Échangés;Contrôle OHLC
2026-09-21;SAF;2836.0;3055.0;2836.0;3055.0;56;
2026-09-22;SAF;2964.0;2964.0;2962.0;2964.0;9;
2026-09-23;SAF;2999.0;2999.0;2999.0;2999.0;2;
2026-09-24;SAF;2999.0;2999.0;2999.0;2999.0;53;
2026-09-25;SAF;2999.0;2999.0;2999.0;2999.0;24;
2026-09-28;SAF;2999.0;2999.0;2999.0;2999.0;6;
2026-10-01;SAF;3095.0;3095.0;3095.0;3095.0;1;
2026-10-02;SAF;3070.0;3070.0;2978.0;2978.0;11;
2026-10-05;SAF;2759.0;2989.0;2759.0;2989.0;26;
2026-10-06;SAF;2880.0;2880.0;2880.0;2880.0;9;
2026-10-07;SAF;2955.0;2955.0;2955.0;2955.0;1;
